title;start;end
'Bath song';0:42;1:05
'Baby baby time to sleep';0:26;0:49
'101 dalmations';0:15;0:38
'The Wrong Trousers';1:20;1:43
'Incredibles 2';0:12;0:34
'Down in New Orleans';1:10;1:33
'Steamed buns song';7:20;7:43
'Pingu';0:16;0:39
'Kids shopping';1:43;2:06
'Minions go shopping';0:21;0:44
'Despicable Me 2 - Girls at Paradise Shopping Mall';1:18;1:51
'Teaching kids how to make a breakfast smoothy';0:20;0:43
'Hand tools for kids';0:40;1:03
'Funny tools for kids';0:57;1:20
'I love the mountains';1:12;1:33
'Moana saves a baby turtle';0:31;0:54
'Beach song';0:07;0:30
'Piper disney pixar oscar';1:20;1:43
'Up - meet russell';0:11;0:34
'Baby sensory road trip';0:05;0:28
'Wall-E day at work';1:30;1:53
'Car traffic';0:05;0:28
'Cars- life is a highway';0:28;0:51
'Tayo bus - hani and gani';12:42;13:05
'Ratatouille';1:19;1:42
'Through the forest';0:00;0:23
'Our planet';2:12;2:35
'Rio- the jungle jig';1:17;1:40
'Up- meet kevin nonsocial';0:07;0:30
'Up-meet keven social';1:30;1:53
