,filesize
walle.mp4,1420966
rio_jungle_jig.mp4,2141725
bedtime.mp4,1679598
forest.mp4,4982946
pingu.mp4,1066104
moana.mp4,1835843
cars.mp4,1601604
tayo_bus.mp4,1368265
up_russell.mp4,1120961
ratatouille.mp4,2579327
incredibles.mp4,1044950
piper.mp4,1372457
minions_supermarket.mp4,1625581
real_cars.mp4,1488837
bathsong.mp4,2008675
breakfast_smoothie.mp4,1963588
new_orleans.mp4,1621399
wallace_gromit.mp4,1100975
up_kevin_nonsocial.mp4,1210517
supermarket.mp4,859899
our_planet.mp4,3022391
up_kevin_social.mp4,1980326
funny_tools.mp4,809878
hand_tools.mp4,1762493
despicable_me.mp4,1813332
dalmations.mp4,1450781
steamed_buns.mp4,1706675
cartoon_cars.mp4,1316525
mountain_song.mp4,2586065
beachsong.mp4,2150680
